{"cameraMode":{"drawMode":0,"name":"Shaded","section":"Shading Mode"},"sceneLighting":true,"audioPlay":false,"sceneViewState":{"showFog":true,"showMaterialUpdate":false,"showSkybox":true,"showFlares":true,"showImageEffects":true,"showParticleSystems":true},"in2DMode":false,"pivot":{"x":0.7784676551818848,"y":1.6686490774154664,"z":-9.499032020568848},"rotation":{"x":0.1809491515159607,"y":0.7221446633338928,"z":-0.20570474863052369,"w":0.6352600455284119},"size":1.1693944931030274,"orthographic":false}