{"cameraMode":{"drawMode":0,"name":"Shaded","section":"Shading Mode"},"sceneLighting":true,"audioPlay":false,"sceneViewState":{"showFog":true,"showMaterialUpdate":false,"showSkybox":true,"showFlares":true,"showImageEffects":true,"showParticleSystems":true},"in2DMode":false,"pivot":{"x":0.9305626749992371,"y":-3.338948965072632,"z":-7.865190505981445},"rotation":{"x":0.60722815990448,"y":-0.050070036202669147,"z":0.0381830595433712,"w":0.792156994342804},"size":6.0676589012146,"orthographic":false}